"epochs,training data,test data ,test_data_percent,steps per epoch,optimizer,Accuracy Epoch 1,Accuracy Epoch 2,Accuracy Epoch 3,Accuracy Epoch 4,Accuracy Epoch 5,Accuracy Epoch 6,Accuracy Epoch,""7,Accuracy"",Epoch,""8,Accuracy"",Epoch,""9,Accuracy"",Epoch,""10,Loss_Epoch"",""1,Loss_Epoch"",""2,Loss_Epoch"",""3,Loss_Epoch"",""4,Loss_Epoch"",""5,Loss_Epoch"",""6,Loss_Epoch"",""7,Loss_Epoch"",""8,Loss_Epoch"",""9,Loss_Epoch"",""10,final_loss_score,final_validation_accuracy"""
"10,2000,400,0.2,125,rmsprop,0.527,0.5525,0.6677,0.6905,0.7113,0.712,0.7445,0.7049,0.7429,0.7299,0.6891,0.6681,0.6284,0.5811,0.5622,0.55,0.529,0.5802,0.529,0.5404,0.544739945,0.72631744,,,,,,,,,,,,,,,,,"
"10,2000,400,0.2,125,sgd,0.4991,0.5931,0.6186,0.5068,0.5209,0.569,0.58678,0.5941,0.5029,0.6321,0.69,0.6869,0.6846,0.6856,0.6828,0.6808,0.6757,0.6724,0.7009,0.6637,0.664114311,0.630803011,,,,,,,,,,,,,,,,,"
"10,2000,400,0.2,125,Adam,0.5056,0.5354,0.5581,0.6118,0.6234,0.676,0.69131,0.7119,0.7376,0.7397,0.6911,0.6912,0.6789,0.6524,0.6339,0.6139,0.5825,0.5565,0.5319,0.5319,0.519841109,0.738472396,,,,,,,,,,,,,,,,,"
"10,2000,400,0.2,125,Adamax,0.5746,0.5556,0.6091,0.6445,0.6599,0.6638,0.6719,0.6937,0.659,0.716,0.6918,0.689,0.6646,0.6436,0.6372,0.6222,0.6137,0.5796,0.6111,0.5535,0.553802128,0.716436637,,,,,,,,,,,,,,,,,"
"10,2000,400,0.2,125,Nadam,0.4995,0.6301,0.6078,0.6723,0.6989,0.6945,0.6684,0.7168,0.7263,0.7335,0.7162,0.6493,0.6585,0.609,0.5782,0.5295,0.6121,0.5587,0.5408,0.5329,0.532337745,0.731649937,,,,,,,,,,,,,,,,,"
"10,2000,400,0.2,125,Adagrad,0.4986,0.5569,0.6011,0.6371,0.6466,0.6681,0.6670,0.6986,0.6971,0.7211,0.6904,0.6774,0.6668,0.6428,0.6392,0.6072,0.6005,0.8723,0.5675,0.5563,0.5558678334674692,0.7206712672521958,,,,,,,,,,,,,,,,,"